GEO.id,GEO.id2,GEO.display-label,GCT_STUB.target-geo-id,GCT_STUB.target-geo-id2,GCT_STUB.display-label,GCT_STUB.display-label,HD01,HD02,SUBHD0301,SUBHD0302,SUBHD0303,SUBHD0401,SUBHD0402
0100000US,,United States,0100000US,,United States,United States,308745538(r38234),131704730(r15031),3796742.23,264836.79,3531905.43,87.4,37.3
0100000US,,United States,01000C0US,,United States - In metropolitan statistical area,In metropolitan statistical area,258317763,107498517,982121.76,69129.68,912992.08,282.9,117.7
0100000US,,United States,310M100US10180,10180,"United States - In metropolitan statistical area - Abilene, TX Metro Area","Abilene, TX Metro Area",165252,69721,2757.71,14.23,2743.48,60.2,25.4
0100000US,,United States,310M100US10420,10420,"United States - In metropolitan statistical area - Akron, OH Metro Area","Akron, OH Metro Area",703200,312581,924.12,23.99,900.13,781.2,347.3
0100000US,,United States,310M100US10500,10500,"United States - In metropolitan statistical area - Albany, GA Metro Area","Albany, GA Metro Area",157308,66060,1957.96,25.41,1932.56,81.4,34.2
0100000US,,United States,310M100US10580,10580,"United States - In metropolitan statistical area - Albany-Schenectady-Troy, NY Metro Area","Albany-Schenectady-Troy, NY Metro Area",870716,393297,2878.22,66.66,2811.55,309.7,139.9
0100000US,,United States,310M100US10740,10740,"United States - In metropolitan statistical area - Albuquerque, NM Metro Area","Albuquerque, NM Metro Area",887077,374404,9297.16,14.66,9282.50,95.6,40.3
0100000US,,United States,310M100US10780,10780,"United States - In metropolitan statistical area - Alexandria, LA Metro Area","Alexandria, LA Metro Area",153922,64570,2026.31,65.32,1960.99,78.5,32.9
0100000US,,United States,310M100US10900,10900,"United States - In metropolitan statistical area - Allentown-Bethlehem-Easton, PA-NJ Metro Area","Allentown-Bethlehem-Easton, PA-NJ Metro Area",821173,342200,1475.88,22.66,1453.22,565.1,235.5
0100000US,,United States,310M100US11020,11020,"United States - In metropolitan statistical area - Altoona, PA Metro Area","Altoona, PA Metro Area",127089,56276,527.07,1.27,525.80,241.7,107.0
0100000US,,United States,310M100US11100,11100,"United States - In metropolitan statistical area - Amarillo, TX Metro Area","Amarillo, TX Metro Area",249881,102546,3682.35,33.11,3649.24,68.5,28.1
0100000US,,United States,310M100US11180,11180,"United States - In metropolitan statistical area - Ames, IA Metro Area","Ames, IA Metro Area",89542,36789,573.65,0.83,572.82,156.3,64.2
0100000US,,United States,310M100US11260,11260,"United States - In metropolitan statistical area - Anchorage, AK Metro Area","Anchorage, AK Metro Area",380821,154361,27218.61,906.03,26312.58,14.5,5.9
0100000US,,United States,310M100US11300,11300,"United States - In metropolitan statistical area - Anderson, IN Metro Area","Anderson, IN Metro Area",131636,59068,452.90,0.99,451.92,291.3,130.7
0100000US,,United States,310M100US11340,11340,"United States - In metropolitan statistical area - Anderson, SC Metro Area","Anderson, SC Metro Area",187126,84774,757.44,42.01,715.43,261.6,118.5
0100000US,,United States,310M100US11460,11460,"United States - In metropolitan statistical area - Ann Arbor, MI Metro Area","Ann Arbor, MI Metro Area",344791,147573,722.42,16.45,705.97,488.4,209.0
0100000US,,United States,310M100US11500,11500,"United States - In metropolitan statistical area - Anniston-Oxford, AL Metro Area","Anniston-Oxford, AL Metro Area",118572,53289,612.29,6.42,605.87,195.7,88.0
0100000US,,United States,310M100US11540,11540,"United States - In metropolitan statistical area - Appleton, WI Metro Area","Appleton, WI Metro Area",225666,92844,1041.67,85.91,955.76,236.1,97.1
0100000US,,United States,310M100US11700,11700,"United States - In metropolitan statistical area - Asheville, NC Metro Area","Asheville, NC Metro Area",424858,213637,2041.43,8.43,2033.00,209.0,105.1
0100000US,,United States,310M100US12020,12020,"United States - In metropolitan statistical area - Athens-Clarke County, GA Metro Area","Athens-Clarke County, GA Metro Area",192541,81719,1035.03,10.22,1024.81,187.9,79.7
0100000US,,United States,310M100US12060,12060,"United States - In metropolitan statistical area - Atlanta-Sandy Springs-Marietta, GA Metro Area","Atlanta-Sandy Springs-Marietta, GA Metro Area",5268860,2165495,8481.03,142.49,8338.54,631.9,259.7
0100000US,,United States,310M100US12100,12100,"United States - In metropolitan statistical area - Atlantic City-Hammonton, NJ Metro Area","Atlantic City-Hammonton, NJ Metro Area",274549,126647,671.83,116.12,555.70,494.1,227.9
0100000US,,United States,310M100US12220,12220,"United States - In metropolitan statistical area - Auburn-Opelika, AL Metro Area","Auburn-Opelika, AL Metro Area",140247,62391,615.85,8.31,607.54,230.8,102.7
0100000US,,United States,310M100US12260,12260,"United States - In metropolitan statistical area - Augusta-Richmond County, GA-SC Metro Area","Augusta-Richmond County, GA-SC Metro Area",556877,236949,3324.86,54.58,3270.28,170.3,72.5
0100000US,,United States,310M100US12420,12420,"United States - In metropolitan statistical area - Austin-Round Rock-San Marcos, TX Metro Area","Austin-Round Rock-San Marcos, TX Metro Area",1716289,706505,4280.08,60.19,4219.89,406.7,167.4
0100000US,,United States,310M100US12540,12540,"United States - In metropolitan statistical area - Bakersfield-Delano, CA Metro Area","Bakersfield-Delano, CA Metro Area",839631,284367,8162.64,30.72,8131.92,103.3,35.0
0100000US,,United States,310M100US12580,12580,"United States - In metropolitan statistical area - Baltimore-Towson, MD Metro Area","Baltimore-Towson, MD Metro Area",2710489,1132251,3105.02,503.54,2601.48,1041.9,435.2
0100000US,,United States,310M100US12620,12620,"United States - In metropolitan statistical area - Bangor, ME Metro Area","Bangor, ME Metro Area",153923,73860,3557.08,159.72,3397.36,45.3,21.7
0100000US,,United States,310M100US12700,12700,"United States - In metropolitan statistical area - Barnstable Town, MA Metro Area","Barnstable Town, MA Metro Area",215888,160281,1305.54,911.81,393.72,548.3,407.1
0100000US,,United States,310M100US12940,12940,"United States - In metropolitan statistical area - Baton Rouge, LA Metro Area","Baton Rouge, LA Metro Area",802484,329729,4214.53,187.61,4026.92,199.3,81.9
0100000US,,United States,310M100US12980,12980,"United States - In metropolitan statistical area - Battle Creek, MI Metro Area","Battle Creek, MI Metro Area",136146,61042,718.35,12.12,706.23,192.8,86.4
0100000US,,United States,310M100US13020,13020,"United States - In metropolitan statistical area - Bay City, MI Metro Area","Bay City, MI Metro Area",107771,48220,630.72,188.41,442.30,243.7,109.0
0100000US,,United States,310M100US13140,13140,"United States - In metropolitan statistical area - Beaumont-Port Arthur, TX Metro Area","Beaumont-Port Arthur, TX Metro Area",388745,162334,2389.73,289.20,2100.53,185.1,77.3
0100000US,,United States,310M100US13380,13380,"United States - In metropolitan statistical area - Bellingham, WA Metro Area","Bellingham, WA Metro Area",201140,90665,2503.47,396.61,2106.86,95.5,43.0
0100000US,,United States,310M100US13460,13460,"United States - In metropolitan statistical area - Bend, OR Metro Area","Bend, OR Metro Area",157733,80139,3054.77,36.58,3018.19,52.3,26.6
0100000US,,United States,310M100US13740,13740,"United States - In metropolitan statistical area - Billings, MT Metro Area","Billings, MT Metro Area",158050,70384,4711.19,29.11,4682.08,33.8,15.0
0100000US,,United States,310M100US13780,13780,"United States - In metropolitan statistical area - Binghamton, NY Metro Area","Binghamton, NY Metro Area",251725,112766,1238.39,14.03,1224.37,205.6,92.1
0100000US,,United States,310M100US13820,13820,"United States - In metropolitan statistical area - Birmingham-Hoover, AL Metro Area","Birmingham-Hoover, AL Metro Area",1128047,500025,5369.77,90.26,5279.51,213.7,94.7
0100000US,,United States,310M100US13900,13900,"United States - In metropolitan statistical area - Bismarck, ND Metro Area","Bismarck, ND Metro Area",108779,47833,3613.74,54.82,3558.92,30.6,13.4
0100000US,,United States,310M100US13980,13980,"United States - In metropolitan statistical area - Blacksburg-Christiansburg-Radford, VA Metro Area","Blacksburg-Christiansburg-Radford, VA Metro Area",162958,70550,1089.49,16.96,1072.52,151.9,65.8
0100000US,,United States,310M100US14020,14020,"United States - In metropolitan statistical area - Bloomington, IN Metro Area","Bloomington, IN Metro Area",192714,84409,1345.06,22.77,1322.29,145.7,63.8
0100000US,,United States,310M100US14060,14060,"United States - In metropolitan statistical area - Bloomington-Normal, IL Metro Area","Bloomington-Normal, IL Metro Area",169572,69656,1186.27,2.89,1183.38,143.3,58.9
0100000US,,United States,310M100US14260,14260,"United States - In metropolitan statistical area - Boise City-Nampa, ID Metro Area","Boise City-Nampa, ID Metro Area",616561,246052,11833.38,67.79,11765.59,52.4,20.9
0100000US,,United States,310M100US14460,14460,"United States - In metropolitan statistical area - Boston-Cambridge-Quincy, MA-NH Metro Area","Boston-Cambridge-Quincy, MA-NH Metro Area",4552402,1883206,4512.46,1025.05,3487.41,1305.4,540.0
0100000US,,United States,310M100US14500,14500,"United States - In metropolitan statistical area - Boulder, CO Metro Area","Boulder, CO Metro Area",294567,127071,740.37,14.08,726.29,405.6,175.0
0100000US,,United States,310M100US14540,14540,"United States - In metropolitan statistical area - Bowling Green, KY Metro Area","Bowling Green, KY Metro Area",125953,53690,855.57,11.08,844.48,149.1,63.6
0100000US,,United States,310M100US14740,14740,"United States - In metropolitan statistical area - Bremerton-Silverdale, WA Metro Area","Bremerton-Silverdale, WA Metro Area",251133,107367,565.92,170.98,394.94,635.9,271.9
0100000US,,United States,310M100US14860,14860,"United States - In metropolitan statistical area - Bridgeport-Stamford-Norwalk, CT Metro Area","Bridgeport-Stamford-Norwalk, CT Metro Area",916829,361221,836.92,212.03,624.89,1467.2,578.1
0100000US,,United States,310M100US15180,15180,"United States - In metropolitan statistical area - Brownsville-Harlingen, TX Metro Area","Brownsville-Harlingen, TX Metro Area",406220,141924,1276.46,385.54,890.92,456.0,159.3
0100000US,,United States,310M100US15260,15260,"United States - In metropolitan statistical area - Brunswick, GA Metro Area","Brunswick, GA Metro Area",112370,58022,1606.34,319.93,1286.41,87.4,45.1
0100000US,,United States,310M100US15380,15380,"United States - In metropolitan statistical area - Buffalo-Niagara Falls, NY Metro Area","Buffalo-Niagara Falls, NY Metro Area",1135509,519094,2366.52,801.47,1565.05,725.5,331.7
0100000US,,United States,310M100US15500,15500,"United States - In metropolitan statistical area - Burlington, NC Metro Area","Burlington, NC Metro Area",151131,66576,434.74,10.79,423.94,356.5,157.0
0100000US,,United States,310M100US15540,15540,"United States - In metropolitan statistical area - Burlington-South Burlington, VT Metro Area","Burlington-South Burlington, VT Metro Area",211261,92358,1505.95,253.85,1252.10,168.7,73.8
0100000US,,United States,310M100US15940,15940,"United States - In metropolitan statistical area - Canton-Massillon, OH Metro Area","Canton-Massillon, OH Metro Area",404422,178913,979.46,9.58,969.88,417.0,184.5
0100000US,,United States,310M100US15980,15980,"United States - In metropolitan statistical area - Cape Coral-Fort Myers, FL Metro Area","Cape Coral-Fort Myers, FL Metro Area",618754,371099,1212.46,427.95,784.51,788.7,473.0
0100000US,,United States,310M100US16020,16020,"United States - In metropolitan statistical area - Cape Girardeau-Jackson, MO-IL Metro Area","Cape Girardeau-Jackson, MO-IL Metro Area",96275,42500,1460.12,28.17,1431.95,67.2,29.7
0100000US,,United States,310M100US16180,16180,"United States - In metropolitan statistical area - Carson City, NV Metro Area","Carson City, NV Metro Area",55274,23534,157.24,12.58,144.66,382.1,162.7
0100000US,,United States,310M100US16220,16220,"United States - In metropolitan statistical area - Casper, WY Metro Area","Casper, WY Metro Area",75450,33807,5375.66,35.31,5340.35,14.1,6.3
0100000US,,United States,310M100US16300,16300,"United States - In metropolitan statistical area - Cedar Rapids, IA Metro Area","Cedar Rapids, IA Metro Area",257940,112257,2020.00,11.23,2008.77,128.4,55.9
0100000US,,United States,310M100US16580,16580,"United States - In metropolitan statistical area - Champaign-Urbana, IL Metro Area","Champaign-Urbana, IL Metro Area",231891,101120,1924.10,3.01,1921.08,120.7,52.6
0100000US,,United States,310M100US16620,16620,"United States - In metropolitan statistical area - Charleston, WV Metro Area","Charleston, WV Metro Area",304284,141585,2546.92,19.18,2527.74,120.4,56.0
0100000US,,United States,310M100US16700,16700,"United States - In metropolitan statistical area - Charleston-North Charleston-Summerville, SC Metro Area","Charleston-North Charleston-Summerville, SC Metro Area",664607,298542,3163.04,574.86,2588.18,256.8,115.3
0100000US,,United States,310M100US16740,16740,"United States - In metropolitan statistical area - Charlotte-Gastonia-Rock Hill, NC-SC Metro Area","Charlotte-Gastonia-Rock Hill, NC-SC Metro Area",1758038,737775,3146.90,61.72,3085.19,569.8,239.1
0100000US,,United States,310M100US16820,16820,"United States - In metropolitan statistical area - Charlottesville, VA Metro Area","Charlottesville, VA Metro Area",201559,89134,1657.74,13.69,1644.04,122.6,54.2
0100000US,,United States,310M100US16860,16860,"United States - In metropolitan statistical area - Chattanooga, TN-GA Metro Area","Chattanooga, TN-GA Metro Area",528143,234440,2137.82,48.85,2088.97,252.8,112.2
0100000US,,United States,310M100US16940,16940,"United States - In metropolitan statistical area - Cheyenne, WY Metro Area","Cheyenne, WY Metro Area",91738,40462,2687.56,1.65,2685.91,34.2,15.1
0100000US,,United States,310M100US16980,16980,"United States - In metropolitan statistical area - Chicago-Joliet-Naperville, IL-IN-WI Metro Area","Chicago-Joliet-Naperville, IL-IN-WI Metro Area",9461105,3797247,9578.60,2381.79,7196.81,1314.6,527.6
0100000US,,United States,310M100US17020,17020,"United States - In metropolitan statistical area - Chico, CA Metro Area","Chico, CA Metro Area",220000,95835,1677.13,40.67,1636.46,134.4,58.6
0100000US,,United States,310M100US17140,17140,"United States - In metropolitan statistical area - Cincinnati-Middletown, OH-KY-IN Metro Area","Cincinnati-Middletown, OH-KY-IN Metro Area",2130151,917396,4465.77,73.89,4391.88,485.0,208.9
0100000US,,United States,310M100US17300,17300,"United States - In metropolitan statistical area - Clarksville, TN-KY Metro Area","Clarksville, TN-KY Metro Area",273949,114145,2242.21,84.77,2157.44,127.0,52.9
0100000US,,United States,310M100US17420,17420,"United States - In metropolitan statistical area - Cleveland, TN Metro Area","Cleveland, TN Metro Area",115788,49386,773.78,10.35,763.44,151.7,64.7
0100000US,,United States,310M100US17460,17460,"United States - In metropolitan statistical area - Cleveland-Elyria-Mentor, OH Metro Area","Cleveland-Elyria-Mentor, OH Metro Area",2077240,955756,3979.42,1982.12,1997.31,1040.0,478.5
0100000US,,United States,310M100US17660,17660,"United States - In metropolitan statistical area - Coeur d'Alene, ID Metro Area","Coeur d'Alene, ID Metro Area",138494,63177,1315.62,71.50,1244.12,111.3,50.8
0100000US,,United States,310M100US17780,17780,"United States - In metropolitan statistical area - College Station-Bryan, TX Metro Area","College Station-Bryan, TX Metro Area",228660,95016,2133.40,33.25,2100.15,108.9,45.2
0100000US,,United States,310M100US17820,17820,"United States - In metropolitan statistical area - Colorado Springs, CO Metro Area","Colorado Springs, CO Metro Area",645613,265495,2688.51,4.65,2683.86,240.6,98.9
0100000US,,United States,310M100US17860,17860,"United States - In metropolitan statistical area - Columbia, MO Metro Area","Columbia, MO Metro Area",172786,74133,1162.51,13.25,1149.26,150.3,64.5
0100000US,,United States,310M100US17900,17900,"United States - In metropolitan statistical area - Columbia, SC Metro Area","Columbia, SC Metro Area",767598,331470,3834.02,131.27,3702.75,207.3,89.5
0100000US,,United States,310M100US17980,17980,"United States - In metropolitan statistical area - Columbus, GA-AL Metro Area","Columbus, GA-AL Metro Area",294865,128214,1959.80,23.67,1936.13,152.3,66.2
0100000US,,United States,310M100US18020,18020,"United States - In metropolitan statistical area - Columbus, IN Metro Area","Columbus, IN Metro Area",76794,33098,409.52,2.62,406.91,188.7,81.3
0100000US,,United States,310M100US18140,18140,"United States - In metropolitan statistical area - Columbus, OH Metro Area","Columbus, OH Metro Area",1836536,792340,4014.17,46.96,3967.20,462.9,199.7
0100000US,,United States,310M100US18580,18580,"United States - In metropolitan statistical area - Corpus Christi, TX Metro Area","Corpus Christi, TX Metro Area",428185,182909,2401.53,617.53,1784.01,240.0,102.5
0100000US,,United States,310M100US18700,18700,"United States - In metropolitan statistical area - Corvallis, OR Metro Area","Corvallis, OR Metro Area",85579,36245,678.61,2.67,675.94,126.6,53.6
0100000US,,United States,310M100US18880,18880,"United States - In metropolitan statistical area - Crestview-Fort Walton Beach-Destin, FL Metro Area","Crestview-Fort Walton Beach-Destin, FL Metro Area",180822,92407,1082.08,151.83,930.25,194.4,99.3
0100000US,,United States,310M100US19060,19060,"United States - In metropolitan statistical area - Cumberland, MD-WV Metro Area","Cumberland, MD-WV Metro Area",103299,46350,759.15,7.16,751.99,137.4,61.6
0100000US,,United States,310M100US19100,19100,"United States - In metropolitan statistical area - Dallas-Fort Worth-Arlington, TX Metro Area","Dallas-Fort Worth-Arlington, TX Metro Area",6371773,2502075,9285.22,357.72,8927.50,713.7,280.3
0100000US,,United States,310M100US19140,19140,"United States - In metropolitan statistical area - Dalton, GA Metro Area","Dalton, GA Metro Area",142227,55878,637.72,2.79,634.93,224.0,88.0
0100000US,,United States,310M100US19180,19180,"United States - In metropolitan statistical area - Danville, IL Metro Area","Danville, IL Metro Area",81625,36318,901.28,2.91,898.37,90.9,40.4
0100000US,,United States,310M100US19260,19260,"United States - In metropolitan statistical area - Danville, VA Metro Area","Danville, VA Metro Area",106561,53745,1022.12,10.25,1011.88,105.3,53.1
0100000US,,United States,310M100US19340,19340,"United States - In metropolitan statistical area - Davenport-Moline-Rock Island, IA-IL Metro Area","Davenport-Moline-Rock Island, IA-IL Metro Area",379690,167110,2313.84,43.92,2269.91,167.3,73.6
0100000US,,United States,310M100US19380,19380,"United States - In metropolitan statistical area - Dayton, OH Metro Area","Dayton, OH Metro Area",841502,385160,1716.71,10.73,1705.98,493.3,225.8
0100000US,,United States,310M100US19460,19460,"United States - In metropolitan statistical area - Decatur, AL Metro Area","Decatur, AL Metro Area",153829,66422,1316.25,46.24,1270.01,121.1,52.3
0100000US,,United States,310M100US19500,19500,"United States - In metropolitan statistical area - Decatur, IL Metro Area","Decatur, IL Metro Area",110768,50475,585.86,5.18,580.69,190.8,86.9
0100000US,,United States,310M100US19660,19660,"United States - In metropolitan statistical area - Deltona-Daytona Beach-Ormond Beach, FL Metro Area","Deltona-Daytona Beach-Ormond Beach, FL Metro Area",494593,254226,1432.44,331.40,1101.03,449.2,230.9
0100000US,,United States,310M100US19740,19740,"United States - In metropolitan statistical area - Denver-Aurora-Broomfield, CO Metro Area","Denver-Aurora-Broomfield, CO Metro Area",2543482,1078837,8402.89,56.83,8346.06,304.8,129.3
0100000US,,United States,310M100US19780,19780,"United States - In metropolitan statistical area - Des Moines-West Des Moines, IA Metro Area","Des Moines-West Des Moines, IA Metro Area",569633,240203,2911.82,28.12,2883.70,197.5,83.3
0100000US,,United States,310M100US19820,19820,"United States - In metropolitan statistical area - Detroit-Warren-Livonia, MI Metro Area","Detroit-Warren-Livonia, MI Metro Area",4296250,1886537,4235.58,347.17,3888.40,1104.9,485.2
0100000US,,United States,310M100US20020,20020,"United States - In metropolitan statistical area - Dothan, AL Metro Area","Dothan, AL Metro Area",145639,66897,1728.91,12.93,1715.98,84.9,39.0
0100000US,,United States,310M100US20100,20100,"United States - In metropolitan statistical area - Dover, DE Metro Area","Dover, DE Metro Area",162310,65338,798.33,212.15,586.18,276.9,111.5
0100000US,,United States,310M100US20220,20220,"United States - In metropolitan statistical area - Dubuque, IA Metro Area","Dubuque, IA Metro Area",93653,38951,616.63,8.33,608.30,154.0,64.0
0100000US,,United States,310M100US20260,20260,"United States - In metropolitan statistical area - Duluth, MN-WI Metro Area","Duluth, MN-WI Metro Area",279771,141539,9214.46,801.54,8412.92,33.3,16.8
0100000US,,United States,310M100US20500,20500,"United States - In metropolitan statistical area - Durham-Chapel Hill, NC Metro Area","Durham-Chapel Hill, NC Metro Area",504357,222760,1813.20,54.76,1758.44,286.8,126.7
0100000US,,United States,310M100US20740,20740,"United States - In metropolitan statistical area - Eau Claire, WI Metro Area","Eau Claire, WI Metro Area",161151,69336,1686.53,40.17,1646.36,97.9,42.1
0100000US,,United States,310M100US20940,20940,"United States - In metropolitan statistical area - El Centro, CA Metro Area","El Centro, CA Metro Area",174528,56067,4481.72,305.12,4176.60,41.8,13.4
0100000US,,United States,310M100US21060,21060,"United States - In metropolitan statistical area - Elizabethtown, KY Metro Area","Elizabethtown, KY Metro Area",119736,49433,893.76,8.97,884.80,135.3,55.9
0100000US,,United States,310M100US21140,21140,"United States - In metropolitan statistical area - Elkhart-Goshen, IN Metro Area","Elkhart-Goshen, IN Metro Area",197559,77767,467.97,4.80,463.17,426.5,167.9
0100000US,,United States,310M100US21300,21300,"United States - In metropolitan statistical area - Elmira, NY Metro Area","Elmira, NY Metro Area",88830,38369,410.78,3.43,407.35,218.1,94.2
0100000US,,United States,310M100US21340,21340,"United States - In metropolitan statistical area - El Paso, TX Metro Area","El Paso, TX Metro Area",800647,270307,1014.96,2.27,1012.69,790.6,266.9
0100000US,,United States,310M100US21500,21500,"United States - In metropolitan statistical area - Erie, PA Metro Area","Erie, PA Metro Area",280566,119138,1558.23,759.08,799.15,351.1,149.1
0100000US,,United States,310M100US21660,21660,"United States - In metropolitan statistical area - Eugene-Springfield, OR Metro Area","Eugene-Springfield, OR Metro Area",351715,156112,4721.87,168.75,4553.12,77.2,34.3
0100000US,,United States,310M100US21780,21780,"United States - In metropolitan statistical area - Evansville, IN-KY Metro Area","Evansville, IN-KY Metro Area",358676,159314,2347.81,63.85,2283.96,157.0,69.8
0100000US,,United States,310M100US21820,21820,"United States - In metropolitan statistical area - Fairbanks, AK Metro Area","Fairbanks, AK Metro Area",97581,41783,7443.69,105.48,7338.21,13.3,5.7
0100000US,,United States,310M100US22020,22020,"United States - In metropolitan statistical area - Fargo, ND-MN Metro Area","Fargo, ND-MN Metro Area",208777,91897,2820.55,10.24,2810.30,74.3,32.7
0100000US,,United States,310M100US22140,22140,"United States - In metropolitan statistical area - Farmington, NM Metro Area","Farmington, NM Metro Area",130044,49341,5538.42,25.36,5513.07,23.6,8.9
0100000US,,United States,310M100US22180,22180,"United States - In metropolitan statistical area - Fayetteville, NC Metro Area","Fayetteville, NC Metro Area",366383,153735,1050.66,7.60,1043.06,351.3,147.4
0100000US,,United States,310M100US22220,22220,"United States - In metropolitan statistical area - Fayetteville-Springdale-Rogers, AR-MO Metro Area","Fayetteville-Springdale-Rogers, AR-MO Metro Area",463204,198298,3213.08,50.02,3163.06,146.4,62.7
0100000US,,United States,310M100US22380,22380,"United States - In metropolitan statistical area - Flagstaff, AZ Metro Area","Flagstaff, AZ Metro Area",134421,63321,18661.34,42.46,18618.89,7.2,3.4
0100000US,,United States,310M100US22420,22420,"United States - In metropolitan statistical area - Flint, MI Metro Area","Flint, MI Metro Area",425790,192180,649.59,12.61,636.98,668.5,301.7
0100000US,,United States,310M100US22500,22500,"United States - In metropolitan statistical area - Florence, SC Metro Area","Florence, SC Metro Area",205566,88963,1370.53,9.41,1361.12,151.0,65.4
0100000US,,United States,310M100US22520,22520,"United States - In metropolitan statistical area - Florence-Muscle Shoals, AL Metro Area","Florence-Muscle Shoals, AL Metro Area",147137,69549,1343.12,82.80,1260.32,116.7,55.2
0100000US,,United States,310M100US22540,22540,"United States - In metropolitan statistical area - Fond du Lac, WI Metro Area","Fond du Lac, WI Metro Area",101633,43910,765.84,46.29,719.55,141.2,61.0
0100000US,,United States,310M100US22660,22660,"United States - In metropolitan statistical area - Fort Collins-Loveland, CO Metro Area","Fort Collins-Loveland, CO Metro Area",299630,132722,2633.95,37.95,2596.00,115.4,51.1
0100000US,,United States,310M100US22900,22900,"United States - In metropolitan statistical area - Fort Smith, AR-OK Metro Area","Fort Smith, AR-OK Metro Area",298592,128891,4092.72,96.38,3996.35,74.7,32.3
0100000US,,United States,310M100US23060,23060,"United States - In metropolitan statistical area - Fort Wayne, IN Metro Area","Fort Wayne, IN Metro Area",416257,178124,1368.18,7.22,1360.96,305.9,130.9
0100000US,,United States,310M100US23420,23420,"United States - In metropolitan statistical area - Fresno, CA Metro Area","Fresno, CA Metro Area",930450,315531,6011.20,53.21,5957.99,156.2,53.0
0100000US,,United States,310M100US23460,23460,"United States - In metropolitan statistical area - Gadsden, AL Metro Area","Gadsden, AL Metro Area",104430,47454,548.63,13.64,534.99,195.2,88.7
0100000US,,United States,310M100US23540,23540,"United States - In metropolitan statistical area - Gainesville, FL Metro Area","Gainesville, FL Metro Area",264275,120073,1324.05,99.35,1224.70,215.8,98.0
0100000US,,United States,310M100US23580,23580,"United States - In metropolitan statistical area - Gainesville, GA Metro Area","Gainesville, GA Metro Area",179684,68825,429.29,36.51,392.78,457.5,175.2
0100000US,,United States,310M100US24020,24020,"United States - In metropolitan statistical area - Glens Falls, NY Metro Area","Glens Falls, NY Metro Area",128923,67570,1777.49,79.36,1698.14,75.9,39.8
0100000US,,United States,310M100US24140,24140,"United States - In metropolitan statistical area - Goldsboro, NC Metro Area","Goldsboro, NC Metro Area",122623,52949,556.85,3.77,553.09,221.7,95.7
0100000US,,United States,310M100US24220,24220,"United States - In metropolitan statistical area - Grand Forks, ND-MN Metro Area","Grand Forks, ND-MN Metro Area",98461,43954,3437.29,29.78,3407.50,28.9,12.9
0100000US,,United States,310M100US24300,24300,"United States - In metropolitan statistical area - Grand Junction, CO Metro Area","Grand Junction, CO Metro Area",146723,62644,3341.12,12.15,3328.97,44.1,18.8
0100000US,,United States,310M100US24340,24340,"United States - In metropolitan statistical area - Grand Rapids-Wyoming, MI Metro Area","Grand Rapids-Wyoming, MI Metro Area",774160,323764,2890.72,106.17,2784.55,278.0,116.3
0100000US,,United States,310M100US24500,24500,"United States - In metropolitan statistical area - Great Falls, MT Metro Area","Great Falls, MT Metro Area",81327,37276,2711.48,13.33,2698.16,30.1,13.8
0100000US,,United States,310M100US24540,24540,"United States - In metropolitan statistical area - Greeley, CO Metro Area","Greeley, CO Metro Area",252825,96281,4016.80,29.56,3987.24,63.4,24.1
0100000US,,United States,310M100US24580,24580,"United States - In metropolitan statistical area - Green Bay, WI Metro Area","Green Bay, WI Metro Area",306241,137212,2848.80,978.59,1870.21,163.7,73.4
0100000US,,United States,310M100US24660,24660,"United States - In metropolitan statistical area - Greensboro-High Point, NC Metro Area","Greensboro-High Point, NC Metro Area",723801,322754,2019.68,25.91,1993.77,363.0,161.9
0100000US,,United States,310M100US24780,24780,"United States - In metropolitan statistical area - Greenville, NC Metro Area","Greenville, NC Metro Area",189510,83203,921.22,3.32,917.90,206.5,90.6
0100000US,,United States,310M100US24860,24860,"United States - In metropolitan statistical area - Greenville-Mauldin-Easley, SC Metro Area","Greenville-Mauldin-Easley, SC Metro Area",636986,277415,2030.73,35.40,1995.33,319.2,139.0
0100000US,,United States,310M100US25060,25060,"United States - In metropolitan statistical area - Gulfport-Biloxi, MS Metro Area","Gulfport-Biloxi, MS Metro Area",248820,114182,1976.75,483.52,1493.23,166.6,76.5
0100000US,,United States,310M100US25180,25180,"United States - In metropolitan statistical area - Hagerstown-Martinsburg, MD-WV Metro Area","Hagerstown-Martinsburg, MD-WV Metro Area",269140,115329,1018.51,10.52,1007.99,267.0,114.4
0100000US,,United States,310M100US25260,25260,"United States - In metropolitan statistical area - Hanford-Corcoran, CA Metro Area","Hanford-Corcoran, CA Metro Area",152982,43867,1391.53,2.11,1389.42,110.1,31.6
0100000US,,United States,310M100US25420,25420,"United States - In metropolitan statistical area - Harrisburg-Carlisle, PA Metro Area","Harrisburg-Carlisle, PA Metro Area",549475,240818,1664.02,42.07,1621.95,338.8,148.5
0100000US,,United States,310M100US25500,25500,"United States - In metropolitan statistical area - Harrisonburg, VA Metro Area","Harrisonburg, VA Metro Area",125228,51104,870.83,4.33,866.50,144.5,59.0
0100000US,,United States,310M100US25540,25540,"United States - In metropolitan statistical area - Hartford-West Hartford-East Hartford, CT Metro Area","Hartford-West Hartford-East Hartford, CT Metro Area",1212381,507049,1606.73,92.12,1514.61,800.5,334.8
0100000US,,United States,310M100US25620,25620,"United States - In metropolitan statistical area - Hattiesburg, MS Metro Area","Hattiesburg, MS Metro Area",142842,61878,1620.87,10.25,1610.62,88.7,38.4
0100000US,,United States,310M100US25860,25860,"United States - In metropolitan statistical area - Hickory-Lenoir-Morganton, NC Metro Area","Hickory-Lenoir-Morganton, NC Metro Area",365497,162613,1666.45,29.07,1637.38,223.2,99.3
0100000US,,United States,310M100US25980,25980,"United States - In metropolitan statistical area - Hinesville-Fort Stewart, GA Metro Area","Hinesville-Fort Stewart, GA Metro Area",77917,32770,1006.34,116.25,890.09,87.5,36.8
0100000US,,United States,310M100US26100,26100,"United States - In metropolitan statistical area - Holland-Grand Haven, MI Metro Area","Holland-Grand Haven, MI Metro Area",263801,102495,1631.41,1067.94,563.47,468.2,181.9
0100000US,,United States,310M100US26180,26180,"United States - In metropolitan statistical area - Honolulu, HI Metro Area","Honolulu, HI Metro Area",953207,336899,2128.07,1527.33,600.74,1586.7,560.8
0100000US,,United States,310M100US26300,26300,"United States - In metropolitan statistical area - Hot Springs, AR Metro Area","Hot Springs, AR Metro Area",96024,50548,734.62,56.84,677.78,141.7,74.6
0100000US,,United States,310M100US26380,26380,"United States - In metropolitan statistical area - Houma-Bayou Cane-Thibodaux, LA Metro Area","Houma-Bayou Cane-Thibodaux, LA Metro Area",208178,82469,3556.38,1256.35,2300.03,90.5,35.9
0100000US,,United States,310M100US26420,26420,"United States - In metropolitan statistical area - Houston-Sugar Land-Baytown, TX Metro Area","Houston-Sugar Land-Baytown, TX Metro Area",5946800,2308205,10071.73,1244.24,8827.49,673.7,261.5
0100000US,,United States,310M100US26580,26580,"United States - In metropolitan statistical area - Huntington-Ashland, WV-KY-OH Metro Area","Huntington-Ashland, WV-KY-OH Metro Area",287702,131132,1773.87,29.24,1744.63,164.9,75.2
0100000US,,United States,310M100US26620,26620,"United States - In metropolitan statistical area - Huntsville, AL Metro Area","Huntsville, AL Metro Area",417593,181424,1419.89,58.36,1361.53,306.7,133.3
0100000US,,United States,310M100US26820,26820,"United States - In metropolitan statistical area - Idaho Falls, ID Metro Area","Idaho Falls, ID Metro Area",130374,48453,3006.21,46.63,2959.58,44.1,16.4
0100000US,,United States,310M100US26900,26900,"United States - In metropolitan statistical area - Indianapolis-Carmel, IN Metro Area","Indianapolis-Carmel, IN Metro Area",1756241,757441,3887.80,33.34,3854.46,455.6,196.5
0100000US,,United States,310M100US26980,26980,"United States - In metropolitan statistical area - Iowa City, IA Metro Area","Iowa City, IA Metro Area",152586,65483,1194.07,11.19,1182.87,129.0,55.4
0100000US,,United States,310M100US27060,27060,"United States - In metropolitan statistical area - Ithaca, NY Metro Area","Ithaca, NY Metro Area",101564,41674,491.56,16.91,474.65,214.0,87.8
0100000US,,United States,310M100US27100,27100,"United States - In metropolitan statistical area - Jackson, MI Metro Area","Jackson, MI Metro Area",160248,69458,723.50,21.83,701.67,228.4,99.0
0100000US,,United States,310M100US27140,27140,"United States - In metropolitan statistical area - Jackson, MS Metro Area","Jackson, MS Metro Area",539057,222584,3795.09,68.95,3726.14,144.7,59.7
0100000US,,United States,310M100US27180,27180,"United States - In metropolitan statistical area - Jackson, TN Metro Area","Jackson, TN Metro Area",115425,48857,844.58,1.73,842.85,136.9,58.0
0100000US,,United States,310M100US27260,27260,"United States - In metropolitan statistical area - Jacksonville, FL Metro Area","Jacksonville, FL Metro Area",1345596,598490,3698.42,497.34,3201.08,420.4,187.0
0100000US,,United States,310M100US27340,27340,"United States - In metropolitan statistical area - Jacksonville, NC Metro Area","Jacksonville, NC Metro Area",177772,68226,905.91,143.17,762.74,233.1,89.4
0100000US,,United States,310M100US27500,27500,"United States - In metropolitan statistical area - Janesville, WI Metro Area","Janesville, WI Metro Area",160331,68422,726.11,7.96,718.14,223.3,95.3
0100000US,,United States,310M100US27620,27620,"United States - In metropolitan statistical area - Jefferson City, MO Metro Area","Jefferson City, MO Metro Area",149807,63555,2278.60,30.91,2247.70,66.6,28.3
0100000US,,United States,310M100US27740,27740,"United States - In metropolitan statistical area - Johnson City, TN Metro Area","Johnson City, TN Metro Area",198716,93830,863.93,10.09,853.83,232.7,109.9
0100000US,,United States,310M100US27780,27780,"United States - In metropolitan statistical area - Johnstown, PA Metro Area","Johnstown, PA Metro Area",143679,65650,693.63,5.28,688.35,208.7,95.4
0100000US,,United States,310M100US27860,27860,"United States - In metropolitan statistical area - Jonesboro, AR Metro Area","Jonesboro, AR Metro Area",121026,51438,1476.28,10.69,1465.60,82.6,35.1
0100000US,,United States,310M100US27900,27900,"United States - In metropolitan statistical area - Joplin, MO Metro Area","Joplin, MO Metro Area",175518,74981,1267.87,4.61,1263.25,138.9,59.4
0100000US,,United States,310M100US28020,28020,"United States - In metropolitan statistical area - Kalamazoo-Portage, MI Metro Area","Kalamazoo-Portage, MI Metro Area",326589,146792,1670.19,501.06,1169.13,279.3,125.6
0100000US,,United States,310M100US28100,28100,"United States - In metropolitan statistical area - Kankakee-Bradley, IL Metro Area","Kankakee-Bradley, IL Metro Area",113449,45246,681.36,4.81,676.56,167.7,66.9
0100000US,,United States,310M100US28140,28140,"United States - In metropolitan statistical area - Kansas City, MO-KS Metro Area","Kansas City, MO-KS Metro Area",2035334,883099,7950.44,123.09,7827.34,260.0,112.8
0100000US,,United States,310M100US28420,28420,"United States - In metropolitan statistical area - Kennewick-Pasco-Richland, WA Metro Area","Kennewick-Pasco-Richland, WA Metro Area",253340,93041,3025.41,82.86,2942.55,86.1,31.6
0100000US,,United States,310M100US28660,28660,"United States - In metropolitan statistical area - Killeen-Temple-Fort Hood, TX Metro Area","Killeen-Temple-Fort Hood, TX Metro Area",405300,159366,2858.53,42.60,2815.92,143.9,56.6
0100000US,,United States,310M100US28700,28700,"United States - In metropolitan statistical area - Kingsport-Bristol-Bristol, TN-VA Metro Area","Kingsport-Bristol-Bristol, TN-VA Metro Area",309544,146978,2047.09,37.23,2009.86,154.0,73.1
0100000US,,United States,310M100US28740,28740,"United States - In metropolitan statistical area - Kingston, NY Metro Area","Kingston, NY Metro Area",182493,83638,1160.76,36.53,1124.24,162.3,74.4
0100000US,,United States,310M100US28940,28940,"United States - In metropolitan statistical area - Knoxville, TN Metro Area","Knoxville, TN Metro Area",698030,315615,1931.72,74.87,1856.85,375.9,170.0
0100000US,,United States,310M100US29020,29020,"United States - In metropolitan statistical area - Kokomo, IN Metro Area","Kokomo, IN Metro Area",98688,45677,554.49,0.89,553.60,178.3,82.5
0100000US,,United States,310M100US29100,29100,"United States - In metropolitan statistical area - La Crosse, WI-MN Metro Area","La Crosse, WI-MN Metro Area",133665,57003,1048.76,45.02,1003.74,133.2,56.8
0100000US,,United States,310M100US29140,29140,"United States - In metropolitan statistical area - Lafayette, IN Metro Area","Lafayette, IN Metro Area",201789,84505,1284.77,6.32,1278.45,157.8,66.1
0100000US,,United States,310M100US29180,29180,"United States - In metropolitan statistical area - Lafayette, LA Metro Area","Lafayette, LA Metro Area",273738,115597,1085.70,79.33,1006.37,272.0,114.9
0100000US,,United States,310M100US29340,29340,"United States - In metropolitan statistical area - Lake Charles, LA Metro Area","Lake Charles, LA Metro Area",199607,85651,3030.94,682.40,2348.55,85.0,36.5
0100000US,,United States,310M100US29420,29420,"United States - In metropolitan statistical area - Lake Havasu City-Kingman, AZ Metro Area","Lake Havasu City-Kingman, AZ Metro Area",200186,110911,13460.65,149.56,13311.08,15.0,8.3
0100000US,,United States,310M100US29460,29460,"United States - In metropolitan statistical area - Lakeland-Winter Haven, FL Metro Area","Lakeland-Winter Haven, FL Metro Area",602095,281214,2010.55,212.71,1797.84,334.9,156.4
0100000US,,United States,310M100US29540,29540,"United States - In metropolitan statistical area - Lancaster, PA Metro Area","Lancaster, PA Metro Area",519445,202952,983.80,39.99,943.81,550.4,215.0
0100000US,,United States,310M100US29620,29620,"United States - In metropolitan statistical area - Lansing-East Lansing, MI Metro Area","Lansing-East Lansing, MI Metro Area",464036,199026,1714.70,17.00,1697.70,273.3,117.2
0100000US,,United States,310M100US29700,29700,"United States - In metropolitan statistical area - Laredo, TX Metro Area","Laredo, TX Metro Area",250304,73496,3375.59,14.11,3361.48,74.5,21.9
0100000US,,United States,310M100US29740,29740,"United States - In metropolitan statistical area - Las Cruces, NM Metro Area","Las Cruces, NM Metro Area",209233,81492,3814.38,6.87,3807.51,55.0,21.4
0100000US,,United States,310M100US29820,29820,"United States - In metropolitan statistical area - Las Vegas-Paradise, NV Metro Area","Las Vegas-Paradise, NV Metro Area",1951269,840343,8060.81,169.38,7891.43,247.3,106.5
0100000US,,United States,310M100US29940,29940,"United States - In metropolitan statistical area - Lawrence, KS Metro Area","Lawrence, KS Metro Area",110826,46731,474.64,18.77,455.87,243.1,102.5
0100000US,,United States,310M100US30020,30020,"United States - In metropolitan statistical area - Lawton, OK Metro Area","Lawton, OK Metro Area",124098,50739,1083.70,14.42,1069.29,116.1,47.5
0100000US,,United States,310M100US30140,30140,"United States - In metropolitan statistical area - Lebanon, PA Metro Area","Lebanon, PA Metro Area",133568,55592,362.50,0.67,361.83,369.1,153.6
0100000US,,United States,310M100US30300,30300,"United States - In metropolitan statistical area - Lewiston, ID-WA Metro Area","Lewiston, ID-WA Metro Area",60888,27310,1496.93,12.62,1484.30,41.0,18.4
0100000US,,United States,310M100US30340,30340,"United States - In metropolitan statistical area - Lewiston-Auburn, ME Metro Area","Lewiston-Auburn, ME Metro Area",107702,49090,497.12,29.19,467.93,230.2,104.9
0100000US,,United States,310M100US30460,30460,"United States - In metropolitan statistical area - Lexington-Fayette, KY Metro Area","Lexington-Fayette, KY Metro Area",472099,209138,1484.27,15.77,1468.50,321.5,142.4
0100000US,,United States,310M100US30620,30620,"United States - In metropolitan statistical area - Lima, OH Metro Area","Lima, OH Metro Area",106331,44999,406.85,4.35,402.50,264.2,111.8
0100000US,,United States,310M100US30700,30700,"United States - In metropolitan statistical area - Lincoln, NE Metro Area","Lincoln, NE Metro Area",302157,127750,1422.27,13.29,1408.98,214.5,90.7
0100000US,,United States,310M100US30780,30780,"United States - In metropolitan statistical area - Little Rock-North Little Rock-Conway, AR Metro Area","Little Rock-North Little Rock-Conway, AR Metro Area",699757,306882,4198.53,113.34,4085.19,171.3,75.1
0100000US,,United States,310M100US30860,30860,"United States - In metropolitan statistical area - Logan, UT-ID Metro Area","Logan, UT-ID Metro Area",125442,41552,1841.37,12.91,1828.46,68.6,22.7
0100000US,,United States,310M100US30980,30980,"United States - In metropolitan statistical area - Longview, TX Metro Area","Longview, TX Metro Area",214369,87318,1806.77,26.49,1780.28,120.4,49.0
0100000US,,United States,310M100US31020,31020,"United States - In metropolitan statistical area - Longview, WA Metro Area","Longview, WA Metro Area",102410,43450,1166.21,26.09,1140.13,89.8,38.1
0100000US,,United States,310M100US31100,31100,"United States - In metropolitan statistical area - Los Angeles-Long Beach-Santa Ana, CA Metro Area","Los Angeles-Long Beach-Santa Ana, CA Metro Area",12828837,4493983,5699.01,850.56,4848.45,2646.0,926.9
0100000US,,United States,310M100US31140,31140,"United States - In metropolitan statistical area - Louisville/Jefferson County, KY-IN Metro Area","Louisville/Jefferson County, KY-IN Metro Area",1283566,559837,4196.16,85.30,4110.86,312.2,136.2
0100000US,,United States,310M100US31180,31180,"United States - In metropolitan statistical area - Lubbock, TX Metro Area","Lubbock, TX Metro Area",284890,117966,1802.39,6.60,1795.80,158.6,65.7
0100000US,,United States,310M100US31340,31340,"United States - In metropolitan statistical area - Lynchburg, VA Metro Area","Lynchburg, VA Metro Area",252634,112515,2146.71,26.39,2120.32,119.1,53.1
0100000US,,United States,310M100US31420,31420,"United States - In metropolitan statistical area - Macon, GA Metro Area","Macon, GA Metro Area",232293,101587,1737.68,15.04,1722.64,134.8,59.0
0100000US,,United States,310M100US31460,31460,"United States - In metropolitan statistical area - Madera-Chowchilla, CA Metro Area","Madera-Chowchilla, CA Metro Area",150865,49140,2153.27,16.20,2137.07,70.6,23.0
0100000US,,United States,310M100US31540,31540,"United States - In metropolitan statistical area - Madison, WI Metro Area","Madison, WI Metro Area",568593,252878,2802.15,76.80,2725.35,208.6,92.8
0100000US,,United States,310M100US31700,31700,"United States - In metropolitan statistical area - Manchester-Nashua, NH Metro Area","Manchester-Nashua, NH Metro Area",400721,166053,892.21,16.08,876.14,457.4,189.5
0100000US,,United States,310M100US31740,31740,"United States - In metropolitan statistical area - Manhattan, KS Metro Area","Manhattan, KS Metro Area",127081,51355,1888.35,52.94,1835.41,69.2,28.0
0100000US,,United States,310M100US31860,31860,"United States - In metropolitan statistical area - Mankato-North Mankato, MN Metro Area","Mankato-North Mankato, MN Metro Area",96740,39075,1232.33,36.00,1196.34,80.9,32.7
0100000US,,United States,310M100US31900,31900,"United States - In metropolitan statistical area - Mansfield, OH Metro Area","Mansfield, OH Metro Area",124475,54599,500.08,4.81,495.27,251.3,110.2
0100000US,,United States,310M100US32580,32580,"United States - In metropolitan statistical area - McAllen-Edinburg-Mission, TX Metro Area","McAllen-Edinburg-Mission, TX Metro Area",774769,248287,1582.91,12.04,1570.87,493.2,158.1
0100000US,,United States,310M100US32780,32780,"United States - In metropolitan statistical area - Medford, OR Metro Area","Medford, OR Metro Area",203206,90937,2801.65,18.10,2783.55,73.0,32.7
0100000US,,United States,310M100US32820,32820,"United States - In metropolitan statistical area - Memphis, TN-MS-AR Metro Area","Memphis, TN-MS-AR Metro Area",1316100,550896,4699.42,121.57,4577.85,287.5,120.3
0100000US,,United States,310M100US32900,32900,"United States - In metropolitan statistical area - Merced, CA Metro Area","Merced, CA Metro Area",255793,83698,1978.51,43.54,1934.97,132.2,43.3
0100000US,,United States,310M100US33100,33100,"United States - In metropolitan statistical area - Miami-Fort Lauderdale-Pompano Beach, FL Metro Area","Miami-Fort Lauderdale-Pompano Beach, FL Metro Area",5564635,2464417,6137.05,1059.79,5077.26,1096.0,485.4
0100000US,,United States,310M100US33140,33140,"United States - In metropolitan statistical area - Michigan City-La Porte, IN Metro Area","Michigan City-La Porte, IN Metro Area",111467,48448,613.26,14.96,598.30,186.3,81.0
0100000US,,United States,310M100US33260,33260,"United States - In metropolitan statistical area - Midland, TX Metro Area","Midland, TX Metro Area",136872,54351,902.05,1.75,900.30,152.0,60.4
0100000US,,United States,310M100US33340,33340,"United States - In metropolitan statistical area - Milwaukee-Waukesha-West Allis, WI Metro Area","Milwaukee-Waukesha-West Allis, WI Metro Area",1555908,669879,3322.06,1867.30,1454.76,1069.5,460.5
0100000US,,United States,310M100US33460,33460,"United States - In metropolitan statistical area - Minneapolis-St. Paul-Bloomington, MN-WI Metro Area","Minneapolis-St. Paul-Bloomington, MN-WI Metro Area",3279833,1354973,6363.78,336.61,6027.17,544.2,224.8
0100000US,,United States,310M100US33540,33540,"United States - In metropolitan statistical area - Missoula, MT Metro Area","Missoula, MT Metro Area",109299,50106,2618.32,24.90,2593.42,42.1,19.3
0100000US,,United States,310M100US33660,33660,"United States - In metropolitan statistical area - Mobile, AL Metro Area","Mobile, AL Metro Area",412992,178196,1644.01,414.58,1229.44,335.9,144.9
0100000US,,United States,310M100US33700,33700,"United States - In metropolitan statistical area - Modesto, CA Metro Area","Modesto, CA Metro Area",514453,179503,1514.69,19.86,1494.83,344.2,120.1
0100000US,,United States,310M100US33740,33740,"United States - In metropolitan statistical area - Monroe, LA Metro Area","Monroe, LA Metro Area",176441,75827,1537.15,49.76,1487.39,118.6,51.0
0100000US,,United States,310M100US33780,33780,"United States - In metropolitan statistical area - Monroe, MI Metro Area","Monroe, MI Metro Area",152021,62971,680.02,130.62,549.39,276.7,114.6
0100000US,,United States,310M100US33860,33860,"United States - In metropolitan statistical area - Montgomery, AL Metro Area","Montgomery, AL Metro Area",374536,161573,2786.41,73.33,2713.08,138.0,59.6
0100000US,,United States,310M100US34060,34060,"United States - In metropolitan statistical area - Morgantown, WV Metro Area","Morgantown, WV Metro Area",129709,58335,1017.27,8.40,1008.87,128.6,57.8
0100000US,,United States,310M100US34100,34100,"United States - In metropolitan statistical area - Morristown, TN Metro Area","Morristown, TN Metro Area",136608,61356,792.57,76.71,715.86,190.8,85.7
0100000US,,United States,310M100US34580,34580,"United States - In metropolitan statistical area - Mount Vernon-Anacortes, WA Metro Area","Mount Vernon-Anacortes, WA Metro Area",116901,51473,1920.13,188.93,1731.20,67.5,29.7
0100000US,,United States,310M100US34620,34620,"United States - In metropolitan statistical area - Muncie, IN Metro Area","Muncie, IN Metro Area",117671,52357,395.91,3.79,392.12,300.1,133.5
0100000US,,United States,310M100US34740,34740,"United States - In metropolitan statistical area - Muskegon-Norton Shores, MI Metro Area","Muskegon-Norton Shores, MI Metro Area",172188,73561,1460.02,960.78,499.25,344.9,147.3
0100000US,,United States,310M100US34820,34820,"United States - In metropolitan statistical area - Myrtle Beach-North Myrtle Beach-Conway, SC Metro Area","Myrtle Beach-North Myrtle Beach-Conway, SC Metro Area",269291,185992,1255.00,121.11,1133.90,237.5,164.0
0100000US,,United States,310M100US34900,34900,"United States - In metropolitan statistical area - Napa, CA Metro Area","Napa, CA Metro Area",136484,54759,788.58,40.22,748.36,182.4,73.2
0100000US,,United States,310M100US34940,34940,"United States - In metropolitan statistical area - Naples-Marco Island, FL Metro Area","Naples-Marco Island, FL Metro Area",321520,197298,2305.02,306.69,1998.32,160.9,98.7
0100000US,,United States,310M100US34980,34980,"United States - In metropolitan statistical area - Nashville-Davidson--Murfreesboro--Franklin, TN Metro Area","Nashville-Davidson--Murfreesboro--Franklin, TN Metro Area",1589934,667655,5762.59,73.94,5688.65,279.5,117.4
0100000US,,United States,310M100US35300,35300,"United States - In metropolitan statistical area - New Haven-Milford, CT Metro Area","New Haven-Milford, CT Metro Area",862477,362004,862.06,257.55,604.51,1426.7,598.8
0100000US,,United States,310M100US35380,35380,"United States - In metropolitan statistical area - New Orleans-Metairie-Kenner, LA Metro Area","New Orleans-Metairie-Kenner, LA Metro Area",1167764,538239,7623.36,4663.17,2960.19,394.5,181.8
0100000US,,United States,310M100US35620,35620,"United States - In metropolitan statistical area - New York-Northern New Jersey-Long Island, NY-NJ-PA Metro Area","New York-Northern New Jersey-Long Island, NY-NJ-PA Metro Area",18897109,7527752,9211.62,2524.72,6686.90,2826.0,1125.7
0100000US,,United States,310M100US35660,35660,"United States - In metropolitan statistical area - Niles-Benton Harbor, MI Metro Area","Niles-Benton Harbor, MI Metro Area",156813,76922,1581.47,1013.72,567.75,276.2,135.5
0100000US,,United States,310M100US35840,35840,"United States - In metropolitan statistical area - North Port-Bradenton-Sarasota, FL Metro Area","North Port-Bradenton-Sarasota, FL Metro Area",702281,401103,1618.02,319.22,1298.80,540.7,308.8
0100000US,,United States,310M100US35980,35980,"United States - In metropolitan statistical area - Norwich-New London, CT Metro Area","Norwich-New London, CT Metro Area",274055,120994,771.70,106.82,664.88,412.2,182.0
0100000US,,United States,310M100US36100,36100,"United States - In metropolitan statistical area - Ocala, FL Metro Area","Ocala, FL Metro Area",331298,164050,1662.61,78.06,1584.55,209.1,103.5
0100000US,,United States,310M100US36140,36140,"United States - In metropolitan statistical area - Ocean City, NJ Metro Area","Ocean City, NJ Metro Area",97265,98309,620.42,368.99,251.42,386.9,391.0
0100000US,,United States,310M100US36220,36220,"United States - In metropolitan statistical area - Odessa, TX Metro Area","Odessa, TX Metro Area",137130,53027,901.78,4.09,897.69,152.8,59.1
0100000US,,United States,310M100US36260,36260,"United States - In metropolitan statistical area - Ogden-Clearfield, UT Metro Area","Ogden-Clearfield, UT Metro Area",547184,186763,1904.25,420.20,1484.06,368.7,125.8
0100000US,,United States,310M100US36420,36420,"United States - In metropolitan statistical area - Oklahoma City, OK Metro Area","Oklahoma City, OK Metro Area",1252987,539077,5581.72,70.16,5511.56,227.3,97.8
0100000US,,United States,310M100US36500,36500,"United States - In metropolitan statistical area - Olympia, WA Metro Area","Olympia, WA Metro Area",252264,108182,773.50,51.54,721.96,349.4,149.8
0100000US,,United States,310M100US36540,36540,"United States - In metropolitan statistical area - Omaha-Council Bluffs, NE-IA Metro Area","Omaha-Council Bluffs, NE-IA Metro Area",865350,362327,4407.20,57.55,4349.65,198.9,83.3
0100000US,,United States,310M100US36740,36740,"United States - In metropolitan statistical area - Orlando-Kissimmee-Sanford, FL Metro Area","Orlando-Kissimmee-Sanford, FL Metro Area",2134411,942312,4011.42,532.94,3478.48,613.6,270.9
0100000US,,United States,310M100US36780,36780,"United States - In metropolitan statistical area - Oshkosh-Neenah, WI Metro Area","Oshkosh-Neenah, WI Metro Area",166994,73329,578.57,144.08,434.49,384.3,168.8
0100000US,,United States,310M100US36980,36980,"United States - In metropolitan statistical area - Owensboro, KY Metro Area","Owensboro, KY Metro Area",114752,49450,931.69,33.22,898.47,127.7,55.0
0100000US,,United States,310M100US37100,37100,"United States - In metropolitan statistical area - Oxnard-Thousand Oaks-Ventura, CA Metro Area","Oxnard-Thousand Oaks-Ventura, CA Metro Area",823318,281695,2208.38,365.25,1843.13,446.7,152.8
0100000US,,United States,310M100US37340,37340,"United States - In metropolitan statistical area - Palm Bay-Melbourne-Titusville, FL Metro Area","Palm Bay-Melbourne-Titusville, FL Metro Area",543376,269864,1557.00,541.33,1015.66,535.0,265.7
0100000US,,United States,310M100US37380,37380,"United States - In metropolitan statistical area - Palm Coast, FL Metro Area","Palm Coast, FL Metro Area",95696,48595,570.82,85.36,485.46,197.1,100.1
0100000US,,United States,310M100US37460,37460,"United States - In metropolitan statistical area - Panama City-Lynn Haven-Panama City Beach, FL Metro Area","Panama City-Lynn Haven-Panama City Beach, FL Metro Area",168852,99650,1033.15,274.69,758.46,222.6,131.4
0100000US,,United States,310M100US37620,37620,"United States - In metropolitan statistical area - Parkersburg-Marietta-Vienna, WV-OH Metro Area","Parkersburg-Marietta-Vienna, WV-OH Metro Area",162056,75203,1386.08,25.23,1360.84,119.1,55.3
0100000US,,United States,310M100US37700,37700,"United States - In metropolitan statistical area - Pascagoula, MS Metro Area","Pascagoula, MS Metro Area",162246,69397,1527.05,325.59,1201.46,135.0,57.8
0100000US,,United States,310M100US37860,37860,"United States - In metropolitan statistical area - Pensacola-Ferry Pass-Brent, FL Metro Area","Pensacola-Ferry Pass-Brent, FL Metro Area",448991,201463,2048.48,380.42,1668.07,269.2,120.8
0100000US,,United States,310M100US37900,37900,"United States - In metropolitan statistical area - Peoria, IL Metro Area","Peoria, IL Metro Area",379186,164283,2518.04,47.19,2470.85,153.5,66.5
0100000US,,United States,310M100US37980,37980,"United States - In metropolitan statistical area - Philadelphia-Camden-Wilmington, PA-NJ-DE-MD Metro Area","Philadelphia-Camden-Wilmington, PA-NJ-DE-MD Metro Area",5965343,2433611,4870.09,267.99,4602.10,1296.2,528.8
0100000US,,United States,310M100US38060,38060,"United States - In metropolitan statistical area - Phoenix-Mesa-Glendale, AZ Metro Area","Phoenix-Mesa-Glendale, AZ Metro Area",4192887,1798501,14598.62,32.87,14565.75,287.9,123.5
0100000US,,United States,310M100US38220,38220,"United States - In metropolitan statistical area - Pine Bluff, AR Metro Area","Pine Bluff, AR Metro Area",100258,41930,2084.71,54.66,2030.05,49.4,20.7
0100000US,,United States,310M100US38300,38300,"United States - In metropolitan statistical area - Pittsburgh, PA Metro Area","Pittsburgh, PA Metro Area",2356285,1102048,5342.45,60.97,5281.48,446.1,208.7
0100000US,,United States,310M100US38340,38340,"United States - In metropolitan statistical area - Pittsfield, MA Metro Area","Pittsfield, MA Metro Area",131219,68508,946.43,19.60,926.82,141.6,73.9
0100000US,,United States,310M100US38540,38540,"United States - In metropolitan statistical area - Pocatello, ID Metro Area","Pocatello, ID Metro Area",90656,36135,2590.10,73.87,2516.23,36.0,14.4
0100000US,,United States,310M100US38860,38860,"United States - In metropolitan statistical area - Portland-South Portland-Biddeford, ME Metro Area","Portland-South Portland-Biddeford, ME Metro Area",514098,262718,2857.22,777.57,2079.65,247.2,126.3
0100000US,,United States,310M100US38900,38900,"United States - In metropolitan statistical area - Portland-Vancouver-Hillsboro, OR-WA Metro Area","Portland-Vancouver-Hillsboro, OR-WA Metro Area",2226009,925076,6821.35,137.60,6683.75,333.0,138.4
0100000US,,United States,310M100US38940,38940,"United States - In metropolitan statistical area - Port St. Lucie, FL Metro Area","Port St. Lucie, FL Metro Area",424107,215160,1440.94,325.55,1115.39,380.2,192.9
0100000US,,United States,310M100US39100,39100,"United States - In metropolitan statistical area - Poughkeepsie-Newburgh-Middletown, NY Metro Area","Poughkeepsie-Newburgh-Middletown, NY Metro Area",670301,255663,1663.99,56.68,1607.32,417.0,159.1
0100000US,,United States,310M100US39140,39140,"United States - In metropolitan statistical area - Prescott, AZ Metro Area","Prescott, AZ Metro Area",211033,110432,8127.94,4.44,8123.50,26.0,13.6
0100000US,,United States,310M100US39300,39300,"United States - In metropolitan statistical area - Providence-New Bedford-Fall River, RI-MA Metro Area","Providence-New Bedford-Fall River, RI-MA Metro Area",1600852,693923,2236.11,649.20,1586.91,1008.8,437.3
0100000US,,United States,310M100US39340,39340,"United States - In metropolitan statistical area - Provo-Orem, UT Metro Area","Provo-Orem, UT Metro Area",526810,151852,5550.51,154.78,5395.73,97.6,28.1
0100000US,,United States,310M100US39380,39380,"United States - In metropolitan statistical area - Pueblo, CO Metro Area","Pueblo, CO Metro Area",159063,69526,2397.80,11.69,2386.10,66.7,29.1
0100000US,,United States,310M100US39460,39460,"United States - In metropolitan statistical area - Punta Gorda, FL Metro Area","Punta Gorda, FL Metro Area",159978,100632,858.30,178.02,680.28,235.2,147.9
0100000US,,United States,310M100US39540,39540,"United States - In metropolitan statistical area - Racine, WI Metro Area","Racine, WI Metro Area",195408,82164,792.12,459.62,332.50,587.7,247.1
0100000US,,United States,310M100US39580,39580,"United States - In metropolitan statistical area - Raleigh-Cary, NC Metro Area","Raleigh-Cary, NC Metro Area",1130490,466095,2147.32,29.12,2118.20,533.7,220.0
0100000US,,United States,310M100US39660,39660,"United States - In metropolitan statistical area - Rapid City, SD Metro Area","Rapid City, SD Metro Area",126382,55949,6267.11,19.57,6247.54,20.2,9.0
0100000US,,United States,310M100US39740,39740,"United States - In metropolitan statistical area - Reading, PA Metro Area","Reading, PA Metro Area",411442,164827,865.76,9.25,856.51,480.4,192.4
0100000US,,United States,310M100US39820,39820,"United States - In metropolitan statistical area - Redding, CA Metro Area","Redding, CA Metro Area",177223,77313,3847.42,72.02,3775.40,46.9,20.5
0100000US,,United States,310M100US39900,39900,"United States - In metropolitan statistical area - Reno-Sparks, NV Metro Area","Reno-Sparks, NV Metro Area",425417,186831,6805.86,240.57,6565.29,64.8,28.5
0100000US,,United States,310M100US40060,40060,"United States - In metropolitan statistical area - Richmond, VA Metro Area","Richmond, VA Metro Area",1258251,531648,5839.68,154.72,5684.96,221.3,93.5
0100000US,,United States,310M100US40140,40140,"United States - In metropolitan statistical area - Riverside-San Bernardino-Ontario, CA Metro Area","Riverside-San Bernardino-Ontario, CA Metro Area",4224851,1500344,27408.25,144.83,27263.42,155.0,55.0
0100000US,,United States,310M100US40220,40220,"United States - In metropolitan statistical area - Roanoke, VA Metro Area","Roanoke, VA Metro Area",308707,144987,1896.76,28.08,1868.68,165.2,77.6
0100000US,,United States,310M100US40340,40340,"United States - In metropolitan statistical area - Rochester, MN Metro Area","Rochester, MN Metro Area",186011,78439,1644.00,28.39,1615.61,115.1,48.6
0100000US,,United States,310M100US40380,40380,"United States - In metropolitan statistical area - Rochester, NY Metro Area","Rochester, NY Metro Area",1054323,455397,4869.99,1941.87,2928.12,360.1,155.5
0100000US,,United States,310M100US40420,40420,"United States - In metropolitan statistical area - Rockford, IL Metro Area","Rockford, IL Metro Area",349431,145935,801.28,7.19,794.08,440.0,183.8
0100000US,,United States,310M100US40580,40580,"United States - In metropolitan statistical area - Rocky Mount, NC Metro Area","Rocky Mount, NC Metro Area",152392,67124,1049.42,3.68,1045.74,145.7,64.2
0100000US,,United States,310M100US40660,40660,"United States - In metropolitan statistical area - Rome, GA Metro Area","Rome, GA Metro Area",96317,40551,518.47,8.55,509.91,188.9,79.5
0100000US,,United States,310M100US40900,40900,"United States - In metropolitan statistical area - Sacramento--Arden-Arcade--Roseville, CA Metro Area","Sacramento--Arden-Arcade--Roseville, CA Metro Area",2149127,871793,5306.39,212.16,5094.22,421.9,171.1
0100000US,,United States,310M100US40980,40980,"United States - In metropolitan statistical area - Saginaw-Saginaw Township North, MI Metro Area","Saginaw-Saginaw Township North, MI Metro Area",200169,86844,815.97,15.85,800.11,250.2,108.5
0100000US,,United States,310M100US41060,41060,"United States - In metropolitan statistical area - St. Cloud, MN Metro Area","St. Cloud, MN Metro Area",189093,78114,1803.01,51.58,1751.43,108.0,44.6
0100000US,,United States,310M100US41100,41100,"United States - In metropolitan statistical area - St. George, UT Metro Area","St. George, UT Metro Area",138115,57734,2429.95,3.59,2426.36,56.9,23.8
0100000US,,United States,310M100US41140,41140,"United States - In metropolitan statistical area - St. Joseph, MO-KS Metro Area","St. Joseph, MO-KS Metro Area",127329,53638,1675.18,19.69,1655.49,76.9,32.4
0100000US,,United States,310M100US41180,41180,"United States - In metropolitan statistical area - St. Louis, MO-IL Metro Area","St. Louis, MO-IL Metro Area",2812896,1236222,8844.37,221.13,8623.24,326.2,143.4
0100000US,,United States,310M100US41420,41420,"United States - In metropolitan statistical area - Salem, OR Metro Area","Salem, OR Metro Area",390738,151250,1936.42,13.31,1923.11,203.2,78.6
0100000US,,United States,310M100US41500,41500,"United States - In metropolitan statistical area - Salinas, CA Metro Area","Salinas, CA Metro Area",415057,139048,3771.22,490.63,3280.60,126.5,42.4
0100000US,,United States,310M100US41540,41540,"United States - In metropolitan statistical area - Salisbury, MD Metro Area","Salisbury, MD Metro Area",125203,52322,1010.59,316.42,694.17,180.4,75.4
0100000US,,United States,310M100US41620,41620,"United States - In metropolitan statistical area - Salt Lake City, UT Metro Area","Salt Lake City, UT Metro Area",1124197,410031,9975.42,420.07,9555.35,117.7,42.9
0100000US,,United States,310M100US41660,41660,"United States - In metropolitan statistical area - San Angelo, TX Metro Area","San Angelo, TX Metro Area",111823,47427,2592.18,18.64,2573.53,43.5,18.4
0100000US,,United States,310M100US41700,41700,"United States - In metropolitan statistical area - San Antonio-New Braunfels, TX Metro Area","San Antonio-New Braunfels, TX Metro Area",2142508,837999,7370.86,58.22,7312.64,293.0,114.6
0100000US,,United States,310M100US41740,41740,"United States - In metropolitan statistical area - San Diego-Carlsbad-San Marcos, CA Metro Area","San Diego-Carlsbad-San Marcos, CA Metro Area",3095313,1164786,4525.68,319.05,4206.63,735.8,276.9
0100000US,,United States,310M100US41780,41780,"United States - In metropolitan statistical area - Sandusky, OH Metro Area","Sandusky, OH Metro Area",77079,37845,625.99,374.43,251.56,306.4,150.4
0100000US,,United States,310M100US41860,41860,"United States - In metropolitan statistical area - San Francisco-Oakland-Fremont, CA Metro Area","San Francisco-Oakland-Fremont, CA Metro Area",4335391,1741999,3426.14,955.60,2470.54,1754.8,705.1
0100000US,,United States,310M100US41940,41940,"United States - In metropolitan statistical area - San Jose-Sunnyvale-Santa Clara, CA Metro Area","San Jose-Sunnyvale-Santa Clara, CA Metro Area",1836911,649790,2694.54,15.73,2678.81,685.7,242.6
0100000US,,United States,310M100US42020,42020,"United States - In metropolitan statistical area - San Luis Obispo-Paso Robles, CA Metro Area","San Luis Obispo-Paso Robles, CA Metro Area",269637,117315,3615.55,316.98,3298.57,81.7,35.6
0100000US,,United States,310M100US42060,42060,"United States - In metropolitan statistical area - Santa Barbara-Santa Maria-Goleta, CA Metro Area","Santa Barbara-Santa Maria-Goleta, CA Metro Area",423895,152834,3789.08,1053.99,2735.09,155.0,55.9
0100000US,,United States,310M100US42100,42100,"United States - In metropolitan statistical area - Santa Cruz-Watsonville, CA Metro Area","Santa Cruz-Watsonville, CA Metro Area",262382,104476,607.17,162.00,445.17,589.4,234.7
0100000US,,United States,310M100US42140,42140,"United States - In metropolitan statistical area - Santa Fe, NM Metro Area","Santa Fe, NM Metro Area",144170,71267,1910.87,1.46,1909.41,75.5,37.3
0100000US,,United States,310M100US42220,42220,"United States - In metropolitan statistical area - Santa Rosa-Petaluma, CA Metro Area","Santa Rosa-Petaluma, CA Metro Area",483878,204572,1767.95,192.10,1575.85,307.1,129.8
0100000US,,United States,310M100US42340,42340,"United States - In metropolitan statistical area - Savannah, GA Metro Area","Savannah, GA Metro Area",347611,151049,1569.65,229.55,1340.10,259.4,112.7
0100000US,,United States,310M100US42540,42540,"United States - In metropolitan statistical area - Scranton--Wilkes-Barre, PA Metro Area","Scranton--Wilkes-Barre, PA Metro Area",563631,258834,1776.23,29.49,1746.73,322.7,148.2
0100000US,,United States,310M100US42660,42660,"United States - In metropolitan statistical area - Seattle-Tacoma-Bellevue, WA Metro Area","Seattle-Tacoma-Bellevue, WA Metro Area",3439809,1463295,6309.61,437.26,5872.35,585.8,249.2
0100000US,,United States,310M100US42680,42680,"United States - In metropolitan statistical area - Sebastian-Vero Beach, FL Metro Area","Sebastian-Vero Beach, FL Metro Area",138028,76346,617.01,114.13,502.87,274.5,151.8
0100000US,,United States,310M100US43100,43100,"United States - In metropolitan statistical area - Sheboygan, WI Metro Area","Sheboygan, WI Metro Area",115507,50766,1271.22,759.96,511.27,225.9,99.3
0100000US,,United States,310M100US43300,43300,"United States - In metropolitan statistical area - Sherman-Denison, TX Metro Area","Sherman-Denison, TX Metro Area",120877,53727,979.18,46.37,932.80,129.6,57.6
0100000US,,United States,310M100US43340,43340,"United States - In metropolitan statistical area - Shreveport-Bossier City, LA Metro Area","Shreveport-Bossier City, LA Metro Area",398604,173669,2698.63,104.46,2594.18,153.7,66.9
0100000US,,United States,310M100US43580,43580,"United States - In metropolitan statistical area - Sioux City, IA-NE-SD Metro Area","Sioux City, IA-NE-SD Metro Area",143577,58083,2095.22,21.36,2073.86,69.2,28.0
0100000US,,United States,310M100US43620,43620,"United States - In metropolitan statistical area - Sioux Falls, SD Metro Area","Sioux Falls, SD Metro Area",228261,95862,2586.17,10.49,2575.69,88.6,37.2
0100000US,,United States,310M100US43780,43780,"United States - In metropolitan statistical area - South Bend-Mishawaka, IN-MI Metro Area","South Bend-Mishawaka, IN-MI Metro Area",319224,140736,969.70,21.79,947.91,336.8,148.5
0100000US,,United States,310M100US43900,43900,"United States - In metropolitan statistical area - Spartanburg, SC Metro Area","Spartanburg, SC Metro Area",284307,122628,819.24,11.32,807.93,351.9,151.8
0100000US,,United States,310M100US44060,44060,"United States - In metropolitan statistical area - Spokane, WA Metro Area","Spokane, WA Metro Area",471221,201434,1780.70,16.91,1763.79,267.2,114.2
0100000US,,United States,310M100US44100,44100,"United States - In metropolitan statistical area - Springfield, IL Metro Area","Springfield, IL Metro Area",210170,95555,1192.48,9.74,1182.74,177.7,80.8
0100000US,,United States,310M100US44140,44140,"United States - In metropolitan statistical area - Springfield, MA Metro Area","Springfield, MA Metro Area",692942,288536,1904.04,60.32,1843.72,375.8,156.5
0100000US,,United States,310M100US44180,44180,"United States - In metropolitan statistical area - Springfield, MO Metro Area","Springfield, MO Metro Area",436712,192346,3020.71,13.91,3006.80,145.2,64.0
0100000US,,United States,310M100US44220,44220,"United States - In metropolitan statistical area - Springfield, OH Metro Area","Springfield, OH Metro Area",138333,61419,402.53,5.05,397.47,348.0,154.5
0100000US,,United States,310M100US44300,44300,"United States - In metropolitan statistical area - State College, PA Metro Area","State College, PA Metro Area",153990,63297,1112.96,3.04,1109.92,138.7,57.0
0100000US,,United States,310M100US44600,44600,"United States - In metropolitan statistical area - Steubenville-Weirton, OH-WV Metro Area","Steubenville-Weirton, OH-WV Metro Area",124454,58334,591.49,11.35,580.14,214.5,100.6
0100000US,,United States,310M100US44700,44700,"United States - In metropolitan statistical area - Stockton, CA Metro Area","Stockton, CA Metro Area",685306,233755,1426.50,35.18,1391.32,492.6,168.0
0100000US,,United States,310M100US44940,44940,"United States - In metropolitan statistical area - Sumter, SC Metro Area","Sumter, SC Metro Area",107456,46011,682.08,17.02,665.07,161.6,69.2
0100000US,,United States,310M100US45060,45060,"United States - In metropolitan statistical area - Syracuse, NY Metro Area","Syracuse, NY Metro Area",662577,287712,2778.98,394.10,2384.88,277.8,120.6
0100000US,,United States,310M100US45220,45220,"United States - In metropolitan statistical area - Tallahassee, FL Metro Area","Tallahassee, FL Metro Area",367413,163078,2602.58,214.88,2387.70,153.9,68.3
0100000US,,United States,310M100US45300,45300,"United States - In metropolitan statistical area - Tampa-St. Petersburg-Clearwater, FL Metro Area","Tampa-St. Petersburg-Clearwater, FL Metro Area",2783243,1353158,3331.37,817.93,2513.44,1107.3,538.4
0100000US,,United States,310M100US45460,45460,"United States - In metropolitan statistical area - Terre Haute, IN Metro Area","Terre Haute, IN Metro Area",172425,74136,1484.82,19.94,1464.87,117.7,50.6
0100000US,,United States,310M100US45500,45500,"United States - In metropolitan statistical area - Texarkana, TX-Texarkana, AR Metro Area","Texarkana, TX-Texarkana, AR Metro Area",136027,57774,1560.62,50.03,1510.58,90.0,38.2
0100000US,,United States,310M100US45780,45780,"United States - In metropolitan statistical area - Toledo, OH Metro Area","Toledo, OH Metro Area",651429,301322,2208.66,590.24,1618.42,402.5,186.2
0100000US,,United States,310M100US45820,45820,"United States - In metropolitan statistical area - Topeka, KS Metro Area","Topeka, KS Metro Area",233870,103809,3289.89,57.26,3232.63,72.3,32.1
0100000US,,United States,310M100US45940,45940,"United States - In metropolitan statistical area - Trenton-Ewing, NJ Metro Area","Trenton-Ewing, NJ Metro Area",366513,143169,228.89,4.33,224.56,1632.2,637.6
0100000US,,United States,310M100US46060,46060,"United States - In metropolitan statistical area - Tucson, AZ Metro Area","Tucson, AZ Metro Area",980263,440909,9189.10,2.06,9187.04,106.7,48.0
0100000US,,United States,310M100US46140,46140,"United States - In metropolitan statistical area - Tulsa, OK Metro Area","Tulsa, OK Metro Area",937478,409820,6460.09,190.85,6269.24,149.5,65.4
0100000US,,United States,310M100US46220,46220,"United States - In metropolitan statistical area - Tuscaloosa, AL Metro Area","Tuscaloosa, AL Metro Area",219461,97534,2667.69,54.89,2612.81,84.0,37.3
0100000US,,United States,310M100US46340,46340,"United States - In metropolitan statistical area - Tyler, TX Metro Area","Tyler, TX Metro Area",209714,87309,949.72,28.27,921.45,227.6,94.8
0100000US,,United States,310M100US46540,46540,"United States - In metropolitan statistical area - Utica-Rome, NY Metro Area","Utica-Rome, NY Metro Area",299397,137561,2715.61,91.71,2623.90,114.1,52.4
0100000US,,United States,310M100US46660,46660,"United States - In metropolitan statistical area - Valdosta, GA Metro Area","Valdosta, GA Metro Area",139588,57434,1628.88,39.62,1589.27,87.8,36.1
0100000US,,United States,310M100US46700,46700,"United States - In metropolitan statistical area - Vallejo-Fairfield, CA Metro Area","Vallejo-Fairfield, CA Metro Area",413344,152698,906.19,84.43,821.76,503.0,185.8
0100000US,,United States,310M100US47020,47020,"United States - In metropolitan statistical area - Victoria, TX Metro Area","Victoria, TX Metro Area",115384,50537,2780.88,539.88,2241.00,51.5,22.6
0100000US,,United States,310M100US47220,47220,"United States - In metropolitan statistical area - Vineland-Millville-Bridgeton, NJ Metro Area","Vineland-Millville-Bridgeton, NJ Metro Area",156898,55834,677.62,193.92,483.70,324.4,115.4
0100000US,,United States,310M100US47260,47260,"United States - In metropolitan statistical area - Virginia Beach-Norfolk-Newport News, VA-NC Metro Area","Virginia Beach-Norfolk-Newport News, VA-NC Metro Area",1671683,686297,3897.63,1268.04,2629.59,635.7,261.0
0100000US,,United States,310M100US47300,47300,"United States - In metropolitan statistical area - Visalia-Porterville, CA Metro Area","Visalia-Porterville, CA Metro Area",442179,141696,4838.65,14.44,4824.21,91.7,29.4
0100000US,,United States,310M100US47380,47380,"United States - In metropolitan statistical area - Waco, TX Metro Area","Waco, TX Metro Area",234906,95124,1060.23,23.13,1037.10,226.5,91.7
0100000US,,United States,310M100US47580,47580,"United States - In metropolitan statistical area - Warner Robins, GA Metro Area","Warner Robins, GA Metro Area",139900,58325,379.92,4.38,375.54,372.5,155.3
0100000US,,United States,310M100US47900,47900,"United States - In metropolitan statistical area - Washington-Arlington-Alexandria, DC-VA-MD-WV Metro Area","Washington-Arlington-Alexandria, DC-VA-MD-WV Metro Area",5582170,2213752,6030.38,432.06,5598.32,997.1,395.4
0100000US,,United States,310M100US47940,47940,"United States - In metropolitan statistical area - Waterloo-Cedar Falls, IA Metro Area","Waterloo-Cedar Falls, IA Metro Area",167819,71332,1513.98,10.88,1503.10,111.6,47.5
0100000US,,United States,310M100US48140,48140,"United States - In metropolitan statistical area - Wausau, WI Metro Area","Wausau, WI Metro Area",134063,57734,1576.31,31.33,1544.98,86.8,37.4
0100000US,,United States,310M100US48300,48300,"United States - In metropolitan statistical area - Wenatchee-East Wenatchee, WA Metro Area","Wenatchee-East Wenatchee, WA Metro Area",110884,51469,4842.54,102.75,4739.79,23.4,10.9
0100000US,,United States,310M100US48540,48540,"United States - In metropolitan statistical area - Wheeling, WV-OH Metro Area","Wheeling, WV-OH Metro Area",147950,69542,962.45,19.07,943.38,156.8,73.7
0100000US,,United States,310M100US48620,48620,"United States - In metropolitan statistical area - Wichita, KS Metro Area","Wichita, KS Metro Area",623061,263043,4181.33,32.26,4149.07,150.2,63.4
0100000US,,United States,310M100US48660,48660,"United States - In metropolitan statistical area - Wichita Falls, TX Metro Area","Wichita Falls, TX Metro Area",151306,64823,2675.29,55.68,2619.61,57.8,24.7
0100000US,,United States,310M100US48700,48700,"United States - In metropolitan statistical area - Williamsport, PA Metro Area","Williamsport, PA Metro Area",116111,52500,1243.84,15.24,1228.59,94.5,42.7
0100000US,,United States,310M100US48900,48900,"United States - In metropolitan statistical area - Wilmington, NC Metro Area","Wilmington, NC Metro Area",362315,205642,2310.81,402.51,1908.30,189.9,107.8
0100000US,,United States,310M100US49020,49020,"United States - In metropolitan statistical area - Winchester, VA-WV Metro Area","Winchester, VA-WV Metro Area",128472,56906,1069.39,6.41,1062.98,120.9,53.5
0100000US,,United States,310M100US49180,49180,"United States - In metropolitan statistical area - Winston-Salem, NC Metro Area","Winston-Salem, NC Metro Area",477717,214375,1472.92,16.98,1455.94,328.1,147.2
0100000US,,United States,310M100US49340,49340,"United States - In metropolitan statistical area - Worcester, MA Metro Area","Worcester, MA Metro Area",798552,326788,1579.19,68.42,1510.77,528.6,216.3
0100000US,,United States,310M100US49420,49420,"United States - In metropolitan statistical area - Yakima, WA Metro Area","Yakima, WA Metro Area",243231,85474,4311.28,15.88,4295.40,56.6,19.9
0100000US,,United States,310M100US49620,49620,"United States - In metropolitan statistical area - York-Hanover, PA Metro Area","York-Hanover, PA Metro Area",434972,178671,910.72,6.54,904.18,481.1,197.6
0100000US,,United States,310M100US49660,49660,"United States - In metropolitan statistical area - Youngstown-Warren-Boardman, OH-PA Metro Area","Youngstown-Warren-Boardman, OH-PA Metro Area",565773,259729,1744.46,41.96,1702.49,332.3,152.6
0100000US,,United States,310M100US49700,49700,"United States - In metropolitan statistical area - Yuba City, CA Metro Area","Yuba City, CA Metro Area",166892,61493,1252.30,18.05,1234.25,135.2,49.8
0100000US,,United States,310M100US49740,49740,"United States - In metropolitan statistical area - Yuma, AZ Metro Area","Yuma, AZ Metro Area",195751,87850,5519.11,5.12,5513.99,35.5,15.9
0100000US,,United States,0400000US72,72,Puerto Rico,Puerto Rico,3725789(r49850),1636946(r25701),5324.84,1901.07,3423.78,1088.2,478.1
0100000US,,United States,04000C0US72,72,Puerto Rico - In metropolitan statistical area,In metropolitan statistical area,3534375,1553546,4313.10,1440.85,2872.25,1230.5,540.9
0100000US,,United States,310M100US10380,10380,"Puerto Rico - In metropolitan statistical area - Aguadilla-Isabela-San Sebastin, PR Metro Area","Aguadilla-Isabela-San Sebastin, PR Metro Area",306292,138855,495.53,137.05,358.47,854.4,387.4
0100000US,,United States,310M100US21940,21940,"Puerto Rico - In metropolitan statistical area - Fajardo, PR Metro Area","Fajardo, PR Metro Area",70692,38114,310.69,225.98,84.71,834.5,449.9
0100000US,,United States,310M100US25020,25020,"Puerto Rico - In metropolitan statistical area - Guayama, PR Metro Area","Guayama, PR Metro Area",84214,37946,217.77,91.07,126.70,664.7,299.5
0100000US,,United States,310M100US32420,32420,"Puerto Rico - In metropolitan statistical area - Mayagez, PR Metro Area","Mayagez, PR Metro Area",106330,50608,285.43,196.44,88.99,1194.9,568.7
0100000US,,United States,310M100US38660,38660,"Puerto Rico - In metropolitan statistical area - Ponce, PR Metro Area","Ponce, PR Metro Area",243147,99359,337.76,127.09,210.68,1154.1,471.6
0100000US,,United States,310M100US41900,41900,"Puerto Rico - In metropolitan statistical area - San Germn-Cabo Rojo, PR Metro Area","San Germn-Cabo Rojo, PR Metro Area",137462,69481,368.90,148.24,220.66,623.0,314.9
0100000US,,United States,310M100US41980,41980,"Puerto Rico - In metropolitan statistical area - San Juan-Caguas-Guaynabo, PR Metro Area","San Juan-Caguas-Guaynabo, PR Metro Area",2478905,1073552,2016.62,426.71,1589.91,1559.1,675.2
0100000US,,United States,310M100US49500,49500,"Puerto Rico - In metropolitan statistical area - Yauco, PR Metro Area","Yauco, PR Metro Area",107333,45631,280.39,88.26,192.13,558.6,237.5
